acc,feat_val,feature,setup
0.483795397267,0.0,pos30_40,original
0.404261076984,1.0,pos30_40,original
0.416964428198,0.0,pos30_40,candidate
0.473111001798,0.0,pos30_40,candidate
0.416964428198,0.0,pos30_40,candidate
0.451280644428,0.0,pos30_40,candidate
0.416964428198,0.0,pos30_40,candidate
0.416964428198,0.0,pos30_40,candidate
0.416964428198,0.0,pos30_40,candidate
0.473111001798,0.0,pos30_40,candidate
0.358600442473,1.0,pos30_40,candidate
0.392954186692,1.0,pos30_40,candidate
0.358600442473,1.0,pos30_40,candidate
0.358083298672,1.0,pos30_40,candidate
0.358600442473,1.0,pos30_40,candidate
0.358600442473,1.0,pos30_40,candidate
0.358600442473,1.0,pos30_40,candidate
0.392954186692,1.0,pos30_40,candidate
0.474831752594,0.0,pos30_40,baseline
0.40609285136,0.0,pos30_40,baseline
0.409765465407,0.0,pos30_40,baseline
0.397401661862,0.0,pos30_40,baseline
0.484379951766,0.0,pos30_40,baseline
0.478572144812,0.0,pos30_40,baseline
0.358232928163,0.0,pos30_40,baseline
0.438111853367,0.0,pos30_40,baseline
0.392755579496,1.0,pos30_40,baseline
0.339383512337,1.0,pos30_40,baseline
0.358757763194,1.0,pos30_40,baseline
0.335105165204,1.0,pos30_40,baseline
0.40379160245,1.0,pos30_40,baseline
0.403405988156,1.0,pos30_40,baseline
0.30675940555,1.0,pos30_40,baseline
0.387110651157,1.0,pos30_40,baseline
0.474633857247,0.0,expr'return',original
0.2293659727,1.0,expr'return',original
0.410412247523,0.0,expr'return',candidate
0.346138522003,0.0,expr'return',candidate
0.410412247523,0.0,expr'return',candidate
0.346138522003,0.0,expr'return',candidate
0.410412247523,0.0,expr'return',candidate
0.346138522003,0.0,expr'return',candidate
0.410412247523,0.0,expr'return',candidate
0.410412247523,0.0,expr'return',candidate
0.115228176003,1.0,expr'return',candidate
0.262822394698,1.0,expr'return',candidate
0.115228176003,1.0,expr'return',candidate
0.262822394698,1.0,expr'return',candidate
0.115228176003,1.0,expr'return',candidate
0.262822394698,1.0,expr'return',candidate
0.115228176003,1.0,expr'return',candidate
0.115228176003,1.0,expr'return',candidate
0.462577723997,0.0,expr'return',baseline
0.358231876951,0.0,expr'return',baseline
0.411131574938,0.0,expr'return',baseline
0.416073562221,0.0,expr'return',baseline
0.337464837713,0.0,expr'return',baseline
0.416073562221,0.0,expr'return',baseline
0.438961635857,0.0,expr'return',baseline
0.427223021711,0.0,expr'return',baseline
0.219014180135,1.0,expr'return',baseline
0.179436546332,1.0,expr'return',baseline
0.19743732147,1.0,expr'return',baseline
0.274788583512,1.0,expr'return',baseline
0.189249237694,1.0,expr'return',baseline
0.274788583512,1.0,expr'return',baseline
0.217244667623,1.0,expr'return',baseline
0.241662592255,1.0,expr'return',baseline
0.44743001469,0.0,expr'\\s',original
0.0443282007808,1.0,expr'\\s',original
0.310882179323,0.0,expr'\\s',candidate
0.310882179323,0.0,expr'\\s',candidate
0.310882179323,0.0,expr'\\s',candidate
0.310882179323,0.0,expr'\\s',candidate
0.432088785968,0.0,expr'\\s',candidate
0.432088785968,0.0,expr'\\s',candidate
0.432088785968,0.0,expr'\\s',candidate
0.432088785968,0.0,expr'\\s',candidate
0.0518891879084,1.0,expr'\\s',candidate
0.0518891879084,1.0,expr'\\s',candidate
0.0518891879084,1.0,expr'\\s',candidate
0.0518891879084,1.0,expr'\\s',candidate
0.0460830415496,1.0,expr'\\s',candidate
0.0460830415496,1.0,expr'\\s',candidate
0.0460830415496,1.0,expr'\\s',candidate
0.0460830415496,1.0,expr'\\s',candidate
0.387544714263,0.0,expr'\\s',baseline
0.412910945307,0.0,expr'\\s',baseline
0.435835484986,0.0,expr'\\s',baseline
0.435835484986,0.0,expr'\\s',baseline
0.387544714263,0.0,expr'\\s',baseline
0.412910945307,0.0,expr'\\s',baseline
0.412910945307,0.0,expr'\\s',baseline
0.387544714263,0.0,expr'\\s',baseline
0.0457410734858,1.0,expr'\\s',baseline
0.0451375299591,1.0,expr'\\s',baseline
0.0440645080485,1.0,expr'\\s',baseline
0.0440645080485,1.0,expr'\\s',baseline
0.0457410734858,1.0,expr'\\s',baseline
0.0451375299591,1.0,expr'\\s',baseline
0.0451375299591,1.0,expr'\\s',baseline
0.0457410734858,1.0,expr'\\s',baseline
0.469664051397,0.0,indent1,original
0.420866639715,1.0,indent1,original
0.411019934835,0.0,indent1,candidate
0.400517934944,0.0,indent1,candidate
0.461566176856,0.0,indent1,candidate
0.400517934944,0.0,indent1,candidate
0.400517934944,0.0,indent1,candidate
0.461566176856,0.0,indent1,candidate
0.461566176856,0.0,indent1,candidate
0.411019934835,0.0,indent1,candidate
0.362580855469,1.0,indent1,candidate
0.378075406059,1.0,indent1,candidate
0.409539570723,1.0,indent1,candidate
0.378075406059,1.0,indent1,candidate
0.378075406059,1.0,indent1,candidate
0.409539570723,1.0,indent1,candidate
0.409539570723,1.0,indent1,candidate
0.362580855469,1.0,indent1,candidate
0.467378739965,0.0,indent1,baseline
0.358558909953,0.0,indent1,baseline
0.389479154387,0.0,indent1,baseline
0.32909943084,0.0,indent1,baseline
0.398765844098,0.0,indent1,baseline
0.342039173528,0.0,indent1,baseline
0.459489828088,0.0,indent1,baseline
0.45367278727,0.0,indent1,baseline
0.417695967512,1.0,indent1,baseline
0.318742557233,1.0,indent1,baseline
0.371588014374,1.0,indent1,baseline
0.309889057536,1.0,indent1,baseline
0.375422253354,1.0,indent1,baseline
0.29669955553,1.0,indent1,baseline
0.377701589858,1.0,indent1,baseline
0.405700366728,1.0,indent1,baseline
0.475897406496,1.0,indent0,original
0.475897406496,1.0,indent0,candidate
0.475897406496,1.0,indent0,candidate
0.475897406496,1.0,indent0,candidate
0.475897406496,1.0,indent0,candidate
0.475897406496,1.0,indent0,candidate
0.475897406496,1.0,indent0,candidate
0.475897406496,1.0,indent0,candidate
0.475897406496,1.0,indent0,candidate
0.475897406496,1.0,indent0,baseline
0.475897406496,1.0,indent0,baseline
0.475897406496,1.0,indent0,baseline
0.475897406496,1.0,indent0,baseline
0.475897406496,1.0,indent0,baseline
0.475897406496,1.0,indent0,baseline
0.475897406496,1.0,indent0,baseline
0.475897406496,1.0,indent0,baseline
0.482620003109,0.0,indent3,original
0.433225020097,1.0,indent3,original
0.473971226324,0.0,indent3,candidate
0.473971226324,0.0,indent3,candidate
0.422152876059,0.0,indent3,candidate
0.415376692961,0.0,indent3,candidate
0.473971226324,0.0,indent3,candidate
0.415376692961,0.0,indent3,candidate
0.422152876059,0.0,indent3,candidate
0.473971226324,0.0,indent3,candidate
0.415041864791,1.0,indent3,candidate
0.415041864791,1.0,indent3,candidate
0.377690314426,1.0,indent3,candidate
0.359176492125,1.0,indent3,candidate
0.415041864791,1.0,indent3,candidate
0.359176492125,1.0,indent3,candidate
0.377690314426,1.0,indent3,candidate
0.415041864791,1.0,indent3,candidate
0.416508858517,0.0,indent3,baseline
0.40177065613,0.0,indent3,baseline
0.405171215037,0.0,indent3,baseline
0.394209982083,0.0,indent3,baseline
0.477111477656,0.0,indent3,baseline
0.452793315121,0.0,indent3,baseline
0.398539915012,0.0,indent3,baseline
0.477987049166,0.0,indent3,baseline
0.364024277358,1.0,indent3,baseline
0.350932488623,1.0,indent3,baseline
0.356940504146,1.0,indent3,baseline
0.370127509758,1.0,indent3,baseline
0.430108733168,1.0,indent3,baseline
0.417500932825,1.0,indent3,baseline
0.352051405999,1.0,indent3,baseline
0.42064164362,1.0,indent3,baseline
0.48948562701,0.0,indent2,original
0.416255530492,1.0,indent2,original
0.373160397723,0.0,indent2,candidate
0.373160397723,0.0,indent2,candidate
0.473622381626,0.0,indent2,candidate
0.373160397723,0.0,indent2,candidate
0.420298748487,0.0,indent2,candidate
0.473622381626,0.0,indent2,candidate
0.473622381626,0.0,indent2,candidate
0.420298748487,0.0,indent2,candidate
0.311503593295,1.0,indent2,candidate
0.311503593295,1.0,indent2,candidate
0.394187905272,1.0,indent2,candidate
0.311503593295,1.0,indent2,candidate
0.361347153735,1.0,indent2,candidate
0.394187905272,1.0,indent2,candidate
0.394187905272,1.0,indent2,candidate
0.361347153735,1.0,indent2,candidate
0.420631183816,0.0,indent2,baseline
0.393965119445,0.0,indent2,baseline
0.401064747068,0.0,indent2,baseline
0.417048186459,0.0,indent2,baseline
0.368449178603,0.0,indent2,baseline
0.399853492179,0.0,indent2,baseline
0.425606070696,0.0,indent2,baseline
0.383561295679,0.0,indent2,baseline
0.361036177721,1.0,indent2,baseline
0.325991797122,1.0,indent2,baseline
0.339820919956,1.0,indent2,baseline
0.346555060944,1.0,indent2,baseline
0.318835453279,1.0,indent2,baseline
0.331983928429,1.0,indent2,baseline
0.36128993822,1.0,indent2,baseline
0.312754728512,1.0,indent2,baseline
0.475507459603,0.0,indent5,original
0.44490100537,1.0,indent5,original
0.475507459603,0.0,indent5,candidate
0.475507459603,0.0,indent5,candidate
0.475507459603,0.0,indent5,candidate
0.475507459603,0.0,indent5,candidate
0.475507459603,0.0,indent5,candidate
0.475507459603,0.0,indent5,candidate
0.475507459603,0.0,indent5,candidate
0.475507459603,0.0,indent5,candidate
0.44490100537,1.0,indent5,candidate
0.44490100537,1.0,indent5,candidate
0.44490100537,1.0,indent5,candidate
0.44490100537,1.0,indent5,candidate
0.44490100537,1.0,indent5,candidate
0.44490100537,1.0,indent5,candidate
0.44490100537,1.0,indent5,candidate
0.44490100537,1.0,indent5,candidate
0.475507459603,0.0,indent5,baseline
0.475507459603,0.0,indent5,baseline
0.475507459603,0.0,indent5,baseline
0.475507459603,0.0,indent5,baseline
0.475507459603,0.0,indent5,baseline
0.475507459603,0.0,indent5,baseline
0.475507459603,0.0,indent5,baseline
0.475507459603,0.0,indent5,baseline
0.44490100537,1.0,indent5,baseline
0.44490100537,1.0,indent5,baseline
0.44490100537,1.0,indent5,baseline
0.44490100537,1.0,indent5,baseline
0.44490100537,1.0,indent5,baseline
0.44490100537,1.0,indent5,baseline
0.44490100537,1.0,indent5,baseline
0.44490100537,1.0,indent5,baseline
0.475651707941,0.0,indent4,original
0.439091540554,1.0,indent4,original
0.475651707941,0.0,indent4,candidate
0.475651707941,0.0,indent4,candidate
0.475651707941,0.0,indent4,candidate
0.475651707941,0.0,indent4,candidate
0.475651707941,0.0,indent4,candidate
0.475651707941,0.0,indent4,candidate
0.475651707941,0.0,indent4,candidate
0.475651707941,0.0,indent4,candidate
0.439091540554,1.0,indent4,candidate
0.439091540554,1.0,indent4,candidate
0.439091540554,1.0,indent4,candidate
0.439091540554,1.0,indent4,candidate
0.439091540554,1.0,indent4,candidate
0.439091540554,1.0,indent4,candidate
0.439091540554,1.0,indent4,candidate
0.439091540554,1.0,indent4,candidate
0.475651707941,0.0,indent4,baseline
0.475651707941,0.0,indent4,baseline
0.475651707941,0.0,indent4,baseline
0.475651707941,0.0,indent4,baseline
0.475651707941,0.0,indent4,baseline
0.475651707941,0.0,indent4,baseline
0.475651707941,0.0,indent4,baseline
0.475651707941,0.0,indent4,baseline
0.439091540554,1.0,indent4,baseline
0.439091540554,1.0,indent4,baseline
0.439091540554,1.0,indent4,baseline
0.439091540554,1.0,indent4,baseline
0.439091540554,1.0,indent4,baseline
0.439091540554,1.0,indent4,baseline
0.439091540554,1.0,indent4,baseline
0.439091540554,1.0,indent4,baseline
0.475729386333,0.0,indent7,original
0.486721611722,1.0,indent7,original
0.475729386333,0.0,indent7,candidate
0.475729386333,0.0,indent7,candidate
0.475729386333,0.0,indent7,candidate
0.475729386333,0.0,indent7,candidate
0.475729386333,0.0,indent7,candidate
0.475729386333,0.0,indent7,candidate
0.475729386333,0.0,indent7,candidate
0.475729386333,0.0,indent7,candidate
0.486721611722,1.0,indent7,candidate
0.486721611722,1.0,indent7,candidate
0.486721611722,1.0,indent7,candidate
0.486721611722,1.0,indent7,candidate
0.486721611722,1.0,indent7,candidate
0.486721611722,1.0,indent7,candidate
0.486721611722,1.0,indent7,candidate
0.486721611722,1.0,indent7,candidate
0.475729386333,0.0,indent7,baseline
0.475729386333,0.0,indent7,baseline
0.475729386333,0.0,indent7,baseline
0.475729386333,0.0,indent7,baseline
0.475729386333,0.0,indent7,baseline
0.475729386333,0.0,indent7,baseline
0.475729386333,0.0,indent7,baseline
0.475729386333,0.0,indent7,baseline
0.486721611722,1.0,indent7,baseline
0.486721611722,1.0,indent7,baseline
0.486721611722,1.0,indent7,baseline
0.486721611722,1.0,indent7,baseline
0.486721611722,1.0,indent7,baseline
0.486721611722,1.0,indent7,baseline
0.486721611722,1.0,indent7,baseline
0.486721611722,1.0,indent7,baseline
0.475568499751,0.0,indent6,original
0.395865787781,1.0,indent6,original
0.475568499751,0.0,indent6,candidate
0.475568499751,0.0,indent6,candidate
0.475568499751,0.0,indent6,candidate
0.475568499751,0.0,indent6,candidate
0.475568499751,0.0,indent6,candidate
0.475568499751,0.0,indent6,candidate
0.475568499751,0.0,indent6,candidate
0.475568499751,0.0,indent6,candidate
0.395865787781,1.0,indent6,candidate
0.395865787781,1.0,indent6,candidate
0.395865787781,1.0,indent6,candidate
0.395865787781,1.0,indent6,candidate
0.395865787781,1.0,indent6,candidate
0.395865787781,1.0,indent6,candidate
0.395865787781,1.0,indent6,candidate
0.395865787781,1.0,indent6,candidate
0.475568499751,0.0,indent6,baseline
0.475568499751,0.0,indent6,baseline
0.475568499751,0.0,indent6,baseline
0.475568499751,0.0,indent6,baseline
0.475568499751,0.0,indent6,baseline
0.475568499751,0.0,indent6,baseline
0.475568499751,0.0,indent6,baseline
0.475568499751,0.0,indent6,baseline
0.395865787781,1.0,indent6,baseline
0.395865787781,1.0,indent6,baseline
0.395865787781,1.0,indent6,baseline
0.395865787781,1.0,indent6,baseline
0.395865787781,1.0,indent6,baseline
0.395865787781,1.0,indent6,baseline
0.395865787781,1.0,indent6,baseline
0.395865787781,1.0,indent6,baseline
0.483377943597,0.0,dep_'('')'_1,original
0.394430426521,1.0,dep_'('')'_1,original
0.411671400211,0.0,dep_'('')'_1,candidate
0.468794641495,0.0,dep_'('')'_1,candidate
0.460906513897,0.0,dep_'('')'_1,candidate
0.411671400211,0.0,dep_'('')'_1,candidate
0.460906513897,0.0,dep_'('')'_1,candidate
0.468794641495,0.0,dep_'('')'_1,candidate
0.460906513897,0.0,dep_'('')'_1,candidate
0.460906513897,0.0,dep_'('')'_1,candidate
0.361947571229,1.0,dep_'('')'_1,candidate
0.387561284117,1.0,dep_'('')'_1,candidate
0.351267671454,1.0,dep_'('')'_1,candidate
0.361947571229,1.0,dep_'('')'_1,candidate
0.351267671454,1.0,dep_'('')'_1,candidate
0.387561284117,1.0,dep_'('')'_1,candidate
0.351267671454,1.0,dep_'('')'_1,candidate
0.351267671454,1.0,dep_'('')'_1,candidate
0.466198781627,0.0,dep_'('')'_1,baseline
0.475178180946,0.0,dep_'('')'_1,baseline
0.421692415979,0.0,dep_'('')'_1,baseline
0.466198781627,0.0,dep_'('')'_1,baseline
0.434938206201,0.0,dep_'('')'_1,baseline
0.466198781627,0.0,dep_'('')'_1,baseline
0.47586557165,0.0,dep_'('')'_1,baseline
0.466198781627,0.0,dep_'('')'_1,baseline
0.381499164081,1.0,dep_'('')'_1,baseline
0.384741472069,1.0,dep_'('')'_1,baseline
0.359616643788,1.0,dep_'('')'_1,baseline
0.381499164081,1.0,dep_'('')'_1,baseline
0.340249570929,1.0,dep_'('')'_1,baseline
0.381499164081,1.0,dep_'('')'_1,baseline
0.396978404558,1.0,dep_'('')'_1,baseline
0.381499164081,1.0,dep_'('')'_1,baseline
0.480285180199,0.0,dep_'('')'_2,original
0.364295005343,1.0,dep_'('')'_2,original
0.466761490512,0.0,dep_'('')'_2,candidate
0.466761490512,0.0,dep_'('')'_2,candidate
0.466761490512,0.0,dep_'('')'_2,candidate
0.414691236843,0.0,dep_'('')'_2,candidate
0.466761490512,0.0,dep_'('')'_2,candidate
0.466761490512,0.0,dep_'('')'_2,candidate
0.414691236843,0.0,dep_'('')'_2,candidate
0.414691236843,0.0,dep_'('')'_2,candidate
0.35862818696,1.0,dep_'('')'_2,candidate
0.35862818696,1.0,dep_'('')'_2,candidate
0.35862818696,1.0,dep_'('')'_2,candidate
0.347594907074,1.0,dep_'('')'_2,candidate
0.35862818696,1.0,dep_'('')'_2,candidate
0.35862818696,1.0,dep_'('')'_2,candidate
0.347594907074,1.0,dep_'('')'_2,candidate
0.347594907074,1.0,dep_'('')'_2,candidate
0.477359506001,0.0,dep_'('')'_2,baseline
0.475885321499,0.0,dep_'('')'_2,baseline
0.341333277814,0.0,dep_'('')'_2,baseline
0.350407996453,0.0,dep_'('')'_2,baseline
0.400735067122,0.0,dep_'('')'_2,baseline
0.437545475286,0.0,dep_'('')'_2,baseline
0.363100324015,0.0,dep_'('')'_2,baseline
0.411511295595,0.0,dep_'('')'_2,baseline
0.369682202074,1.0,dep_'('')'_2,baseline
0.358518161939,1.0,dep_'('')'_2,baseline
0.254541954078,1.0,dep_'('')'_2,baseline
0.267850191576,1.0,dep_'('')'_2,baseline
0.322275904772,1.0,dep_'('')'_2,baseline
0.347187468246,1.0,dep_'('')'_2,baseline
0.269411164407,1.0,dep_'('')'_2,baseline
0.325082522498,1.0,dep_'('')'_2,baseline
0.476417764727,0.0,dep_'('')'_3,original
0.2738137026,1.0,dep_'('')'_3,original
0.476417764727,0.0,dep_'('')'_3,candidate
0.476417764727,0.0,dep_'('')'_3,candidate
0.476417764727,0.0,dep_'('')'_3,candidate
0.476417764727,0.0,dep_'('')'_3,candidate
0.476417764727,0.0,dep_'('')'_3,candidate
0.476417764727,0.0,dep_'('')'_3,candidate
0.476417764727,0.0,dep_'('')'_3,candidate
0.476417764727,0.0,dep_'('')'_3,candidate
0.2738137026,1.0,dep_'('')'_3,candidate
0.2738137026,1.0,dep_'('')'_3,candidate
0.2738137026,1.0,dep_'('')'_3,candidate
0.2738137026,1.0,dep_'('')'_3,candidate
0.2738137026,1.0,dep_'('')'_3,candidate
0.2738137026,1.0,dep_'('')'_3,candidate
0.2738137026,1.0,dep_'('')'_3,candidate
0.2738137026,1.0,dep_'('')'_3,candidate
0.476417764727,0.0,dep_'('')'_3,baseline
0.476417764727,0.0,dep_'('')'_3,baseline
0.476417764727,0.0,dep_'('')'_3,baseline
0.476417764727,0.0,dep_'('')'_3,baseline
0.476417764727,0.0,dep_'('')'_3,baseline
0.476417764727,0.0,dep_'('')'_3,baseline
0.476417764727,0.0,dep_'('')'_3,baseline
0.476417764727,0.0,dep_'('')'_3,baseline
0.2738137026,1.0,dep_'('')'_3,baseline
0.2738137026,1.0,dep_'('')'_3,baseline
0.2738137026,1.0,dep_'('')'_3,baseline
0.2738137026,1.0,dep_'('')'_3,baseline
0.2738137026,1.0,dep_'('')'_3,baseline
0.2738137026,1.0,dep_'('')'_3,baseline
0.2738137026,1.0,dep_'('')'_3,baseline
0.2738137026,1.0,dep_'('')'_3,baseline
0.479420731563,0.0,n_gram_4,original
0.225566246101,1.0,n_gram_4,original
0.333418251226,0.0,n_gram_4,candidate
0.443519369609,0.0,n_gram_4,candidate
0.356944506139,0.0,n_gram_4,candidate
0.443519369609,0.0,n_gram_4,candidate
0.333418251226,0.0,n_gram_4,candidate
0.356944506139,0.0,n_gram_4,candidate
0.333418251226,0.0,n_gram_4,candidate
0.443519369609,0.0,n_gram_4,candidate
0.15783619992,1.0,n_gram_4,candidate
0.210493123382,1.0,n_gram_4,candidate
0.171624338933,1.0,n_gram_4,candidate
0.210493123382,1.0,n_gram_4,candidate
0.15783619992,1.0,n_gram_4,candidate
0.171624338933,1.0,n_gram_4,candidate
0.15783619992,1.0,n_gram_4,candidate
0.210493123382,1.0,n_gram_4,candidate
0.412181817536,0.0,n_gram_4,baseline
0.346025959383,0.0,n_gram_4,baseline
0.354380123223,0.0,n_gram_4,baseline
0.412742790021,0.0,n_gram_4,baseline
0.394120884342,0.0,n_gram_4,baseline
0.379757680942,0.0,n_gram_4,baseline
0.394120884342,0.0,n_gram_4,baseline
0.370044803574,0.0,n_gram_4,baseline
0.209155872368,1.0,n_gram_4,baseline
0.193110081231,1.0,n_gram_4,baseline
0.186133502027,1.0,n_gram_4,baseline
0.249646258464,1.0,n_gram_4,baseline
0.154731836724,1.0,n_gram_4,baseline
0.181253238934,1.0,n_gram_4,baseline
0.154731836724,1.0,n_gram_4,baseline
0.179444105842,1.0,n_gram_4,baseline
0.473381020663,0.0,expr'struct',original
0.179359562635,1.0,expr'struct',original
0.415884582319,0.0,expr'struct',candidate
0.415884582319,0.0,expr'struct',candidate
0.415884582319,0.0,expr'struct',candidate
0.415884582319,0.0,expr'struct',candidate
0.415884582319,0.0,expr'struct',candidate
0.470775955374,0.0,expr'struct',candidate
0.470775955374,0.0,expr'struct',candidate
0.470775955374,0.0,expr'struct',candidate
0.281568891881,1.0,expr'struct',candidate
0.281568891881,1.0,expr'struct',candidate
0.281568891881,1.0,expr'struct',candidate
0.281568891881,1.0,expr'struct',candidate
0.281568891881,1.0,expr'struct',candidate
0.1513109468,1.0,expr'struct',candidate
0.1513109468,1.0,expr'struct',candidate
0.1513109468,1.0,expr'struct',candidate
0.409831281093,0.0,expr'struct',baseline
0.458481313893,0.0,expr'struct',baseline
0.437576764833,0.0,expr'struct',baseline
0.458481313893,0.0,expr'struct',baseline
0.414983213299,0.0,expr'struct',baseline
0.414983213299,0.0,expr'struct',baseline
0.414983213299,0.0,expr'struct',baseline
0.461340592841,0.0,expr'struct',baseline
0.166717238179,1.0,expr'struct',baseline
0.165358661409,1.0,expr'struct',baseline
0.193660484841,1.0,expr'struct',baseline
0.165358661409,1.0,expr'struct',baseline
0.172920438969,1.0,expr'struct',baseline
0.172920438969,1.0,expr'struct',baseline
0.172920438969,1.0,expr'struct',baseline
0.178696462454,1.0,expr'struct',baseline
0.475448762435,0.0,n_gram_1,original
0.252115317435,1.0,n_gram_1,original
0.429439015875,0.0,n_gram_1,candidate
0.379911499352,0.0,n_gram_1,candidate
0.379911499352,0.0,n_gram_1,candidate
0.45437689575,0.0,n_gram_1,candidate
0.45437689575,0.0,n_gram_1,candidate
0.429439015875,0.0,n_gram_1,candidate
0.429439015875,0.0,n_gram_1,candidate
0.429439015875,0.0,n_gram_1,candidate
0.264297228152,1.0,n_gram_1,candidate
0.253681686598,1.0,n_gram_1,candidate
0.253681686598,1.0,n_gram_1,candidate
0.247592539528,1.0,n_gram_1,candidate
0.247592539528,1.0,n_gram_1,candidate
0.264297228152,1.0,n_gram_1,candidate
0.264297228152,1.0,n_gram_1,candidate
0.264297228152,1.0,n_gram_1,candidate
0.341449741001,0.0,n_gram_1,baseline
0.349802890173,0.0,n_gram_1,baseline
0.465013179507,0.0,n_gram_1,baseline
0.385372231103,0.0,n_gram_1,baseline
0.355120549978,0.0,n_gram_1,baseline
0.471613354832,0.0,n_gram_1,baseline
0.415085977798,0.0,n_gram_1,baseline
0.410797847239,0.0,n_gram_1,baseline
0.188105932271,1.0,n_gram_1,baseline
0.205416192913,1.0,n_gram_1,baseline
0.238583228963,1.0,n_gram_1,baseline
0.186158365534,1.0,n_gram_1,baseline
0.208378215039,1.0,n_gram_1,baseline
0.250304877401,1.0,n_gram_1,baseline
0.235990772896,1.0,n_gram_1,baseline
0.260913889008,1.0,n_gram_1,baseline
0.467029143994,0.0,n_gram_0,original
0.288310223695,1.0,n_gram_0,original
0.412924524799,0.0,n_gram_0,candidate
0.457971641247,0.0,n_gram_0,candidate
0.345672375931,0.0,n_gram_0,candidate
0.345672375931,0.0,n_gram_0,candidate
0.412924524799,0.0,n_gram_0,candidate
0.412924524799,0.0,n_gram_0,candidate
0.345672375931,0.0,n_gram_0,candidate
0.345672375931,0.0,n_gram_0,candidate
0.223780255001,1.0,n_gram_0,candidate
0.287558119545,1.0,n_gram_0,candidate
0.20109275883,1.0,n_gram_0,candidate
0.20109275883,1.0,n_gram_0,candidate
0.223780255001,1.0,n_gram_0,candidate
0.223780255001,1.0,n_gram_0,candidate
0.20109275883,1.0,n_gram_0,candidate
0.20109275883,1.0,n_gram_0,candidate
0.429888402601,0.0,n_gram_0,baseline
0.352590567311,0.0,n_gram_0,baseline
0.415321248375,0.0,n_gram_0,baseline
0.428011631175,0.0,n_gram_0,baseline
0.45285456161,0.0,n_gram_0,baseline
0.361891443461,0.0,n_gram_0,baseline
0.452254684122,0.0,n_gram_0,baseline
0.415321248375,0.0,n_gram_0,baseline
0.289718955517,1.0,n_gram_0,baseline
0.223980965792,1.0,n_gram_0,baseline
0.227458468286,1.0,n_gram_0,baseline
0.275080400296,1.0,n_gram_0,baseline
0.279773217068,1.0,n_gram_0,baseline
0.196854195659,1.0,n_gram_0,baseline
0.293039124615,1.0,n_gram_0,baseline
0.227458468286,1.0,n_gram_0,baseline
0.478075027221,0.0,n_gram_3,original
0.243513296694,1.0,n_gram_3,original
0.439292362528,0.0,n_gram_3,candidate
0.327541564554,0.0,n_gram_3,candidate
0.327541564554,0.0,n_gram_3,candidate
0.439292362528,0.0,n_gram_3,candidate
0.35642743564,0.0,n_gram_3,candidate
0.35642743564,0.0,n_gram_3,candidate
0.439292362528,0.0,n_gram_3,candidate
0.327541564554,0.0,n_gram_3,candidate
0.239814375997,1.0,n_gram_3,candidate
0.175581872896,1.0,n_gram_3,candidate
0.175581872896,1.0,n_gram_3,candidate
0.239814375997,1.0,n_gram_3,candidate
0.198006154996,1.0,n_gram_3,candidate
0.198006154996,1.0,n_gram_3,candidate
0.239814375997,1.0,n_gram_3,candidate
0.175581872896,1.0,n_gram_3,candidate
0.413058145226,0.0,n_gram_3,baseline
0.47267174286,0.0,n_gram_3,baseline
0.390905311105,0.0,n_gram_3,baseline
0.4690580664,0.0,n_gram_3,baseline
0.47267174286,0.0,n_gram_3,baseline
0.372097177587,0.0,n_gram_3,baseline
0.435787729857,0.0,n_gram_3,baseline
0.470774091834,0.0,n_gram_3,baseline
0.250035847874,1.0,n_gram_3,baseline
0.240028096984,1.0,n_gram_3,baseline
0.188237407086,1.0,n_gram_3,baseline
0.252115581153,1.0,n_gram_3,baseline
0.240028096984,1.0,n_gram_3,baseline
0.188924466015,1.0,n_gram_3,baseline
0.238206384556,1.0,n_gram_3,baseline
0.242449258262,1.0,n_gram_3,baseline
0.480887121072,0.0,n_gram_2,original
0.24206329696,1.0,n_gram_2,original
0.361597549605,0.0,n_gram_2,candidate
0.327647730039,0.0,n_gram_2,candidate
0.361597549605,0.0,n_gram_2,candidate
0.44070288324,0.0,n_gram_2,candidate
0.327647730039,0.0,n_gram_2,candidate
0.327647730039,0.0,n_gram_2,candidate
0.361597549605,0.0,n_gram_2,candidate
0.327647730039,0.0,n_gram_2,candidate
0.184253308606,1.0,n_gram_2,candidate
0.175362273144,1.0,n_gram_2,candidate
0.184253308606,1.0,n_gram_2,candidate
0.225185239904,1.0,n_gram_2,candidate
0.175362273144,1.0,n_gram_2,candidate
0.175362273144,1.0,n_gram_2,candidate
0.184253308606,1.0,n_gram_2,candidate
0.175362273144,1.0,n_gram_2,candidate
0.427444562099,0.0,n_gram_2,baseline
0.413584331114,0.0,n_gram_2,baseline
0.388906248892,0.0,n_gram_2,baseline
0.427444562099,0.0,n_gram_2,baseline
0.47119455082,0.0,n_gram_2,baseline
0.427444562099,0.0,n_gram_2,baseline
0.372036419156,0.0,n_gram_2,baseline
0.400039357615,0.0,n_gram_2,baseline
0.23192858416,1.0,n_gram_2,baseline
0.263447504752,1.0,n_gram_2,baseline
0.199860187824,1.0,n_gram_2,baseline
0.23192858416,1.0,n_gram_2,baseline
0.237508710332,1.0,n_gram_2,baseline
0.23192858416,1.0,n_gram_2,baseline
0.20715581031,1.0,n_gram_2,baseline
0.22482847123,1.0,n_gram_2,baseline
0.463187107534,0.0,enc_'/*''*/',original
0.347162765343,1.0,enc_'/*''*/',original
0.411591525699,0.0,enc_'/*''*/',candidate
0.411591525699,0.0,enc_'/*''*/',candidate
0.411591525699,0.0,enc_'/*''*/',candidate
0.411591525699,0.0,enc_'/*''*/',candidate
0.458645251143,0.0,enc_'/*''*/',candidate
0.458645251143,0.0,enc_'/*''*/',candidate
0.458645251143,0.0,enc_'/*''*/',candidate
0.411591525699,0.0,enc_'/*''*/',candidate
0.294002439129,1.0,enc_'/*''*/',candidate
0.294002439129,1.0,enc_'/*''*/',candidate
0.294002439129,1.0,enc_'/*''*/',candidate
0.294002439129,1.0,enc_'/*''*/',candidate
0.339845482354,1.0,enc_'/*''*/',candidate
0.339845482354,1.0,enc_'/*''*/',candidate
0.339845482354,1.0,enc_'/*''*/',candidate
0.294002439129,1.0,enc_'/*''*/',candidate
0.459532336367,0.0,enc_'/*''*/',baseline
0.410583605604,0.0,enc_'/*''*/',baseline
0.40465064962,0.0,enc_'/*''*/',baseline
0.410583605604,0.0,enc_'/*''*/',baseline
0.459532336367,0.0,enc_'/*''*/',baseline
0.447560767641,0.0,enc_'/*''*/',baseline
0.410583605604,0.0,enc_'/*''*/',baseline
0.420801465565,0.0,enc_'/*''*/',baseline
0.344989616563,1.0,enc_'/*''*/',baseline
0.299524561689,1.0,enc_'/*''*/',baseline
0.311440172145,1.0,enc_'/*''*/',baseline
0.299524561689,1.0,enc_'/*''*/',baseline
0.344989616563,1.0,enc_'/*''*/',baseline
0.332388439612,1.0,enc_'/*''*/',baseline
0.299524561689,1.0,enc_'/*''*/',baseline
0.326030088577,1.0,enc_'/*''*/',baseline
0.475909491761,0.0,dep_'{''}'_5,original
0.463211447422,1.0,dep_'{''}'_5,original
0.475909491761,0.0,dep_'{''}'_5,candidate
0.475909491761,0.0,dep_'{''}'_5,candidate
0.475909491761,0.0,dep_'{''}'_5,candidate
0.475909491761,0.0,dep_'{''}'_5,candidate
0.475909491761,0.0,dep_'{''}'_5,candidate
0.475909491761,0.0,dep_'{''}'_5,candidate
0.475909491761,0.0,dep_'{''}'_5,candidate
0.475909491761,0.0,dep_'{''}'_5,candidate
0.463211447422,1.0,dep_'{''}'_5,candidate
0.463211447422,1.0,dep_'{''}'_5,candidate
0.463211447422,1.0,dep_'{''}'_5,candidate
0.463211447422,1.0,dep_'{''}'_5,candidate
0.463211447422,1.0,dep_'{''}'_5,candidate
0.463211447422,1.0,dep_'{''}'_5,candidate
0.463211447422,1.0,dep_'{''}'_5,candidate
0.463211447422,1.0,dep_'{''}'_5,candidate
0.475909491761,0.0,dep_'{''}'_5,baseline
0.475909491761,0.0,dep_'{''}'_5,baseline
0.475909491761,0.0,dep_'{''}'_5,baseline
0.475909491761,0.0,dep_'{''}'_5,baseline
0.475909491761,0.0,dep_'{''}'_5,baseline
0.475909491761,0.0,dep_'{''}'_5,baseline
0.475909491761,0.0,dep_'{''}'_5,baseline
0.475909491761,0.0,dep_'{''}'_5,baseline
0.463211447422,1.0,dep_'{''}'_5,baseline
0.463211447422,1.0,dep_'{''}'_5,baseline
0.463211447422,1.0,dep_'{''}'_5,baseline
0.463211447422,1.0,dep_'{''}'_5,baseline
0.463211447422,1.0,dep_'{''}'_5,baseline
0.463211447422,1.0,dep_'{''}'_5,baseline
0.463211447422,1.0,dep_'{''}'_5,baseline
0.463211447422,1.0,dep_'{''}'_5,baseline
0.475765691794,0.0,dep_'{''}'_4,original
0.431669227601,1.0,dep_'{''}'_4,original
0.475765691794,0.0,dep_'{''}'_4,candidate
0.475765691794,0.0,dep_'{''}'_4,candidate
0.475765691794,0.0,dep_'{''}'_4,candidate
0.475765691794,0.0,dep_'{''}'_4,candidate
0.475765691794,0.0,dep_'{''}'_4,candidate
0.475765691794,0.0,dep_'{''}'_4,candidate
0.475765691794,0.0,dep_'{''}'_4,candidate
0.475765691794,0.0,dep_'{''}'_4,candidate
0.431669227601,1.0,dep_'{''}'_4,candidate
0.431669227601,1.0,dep_'{''}'_4,candidate
0.431669227601,1.0,dep_'{''}'_4,candidate
0.431669227601,1.0,dep_'{''}'_4,candidate
0.431669227601,1.0,dep_'{''}'_4,candidate
0.431669227601,1.0,dep_'{''}'_4,candidate
0.431669227601,1.0,dep_'{''}'_4,candidate
0.431669227601,1.0,dep_'{''}'_4,candidate
0.475765691794,0.0,dep_'{''}'_4,baseline
0.475765691794,0.0,dep_'{''}'_4,baseline
0.475765691794,0.0,dep_'{''}'_4,baseline
0.475765691794,0.0,dep_'{''}'_4,baseline
0.475765691794,0.0,dep_'{''}'_4,baseline
0.475765691794,0.0,dep_'{''}'_4,baseline
0.475765691794,0.0,dep_'{''}'_4,baseline
0.475765691794,0.0,dep_'{''}'_4,baseline
0.431669227601,1.0,dep_'{''}'_4,baseline
0.431669227601,1.0,dep_'{''}'_4,baseline
0.431669227601,1.0,dep_'{''}'_4,baseline
0.431669227601,1.0,dep_'{''}'_4,baseline
0.431669227601,1.0,dep_'{''}'_4,baseline
0.431669227601,1.0,dep_'{''}'_4,baseline
0.431669227601,1.0,dep_'{''}'_4,baseline
0.431669227601,1.0,dep_'{''}'_4,baseline
0.482375177648,0.0,dep_'{''}'_3,original
0.481467360724,1.0,dep_'{''}'_3,original
0.406919249067,0.0,dep_'{''}'_3,candidate
0.470179558395,0.0,dep_'{''}'_3,candidate
0.384012548256,0.0,dep_'{''}'_3,candidate
0.470179558395,0.0,dep_'{''}'_3,candidate
0.384012548256,0.0,dep_'{''}'_3,candidate
0.406919249067,0.0,dep_'{''}'_3,candidate
0.470179558395,0.0,dep_'{''}'_3,candidate
0.470179558395,0.0,dep_'{''}'_3,candidate
0.446561102074,1.0,dep_'{''}'_3,candidate
0.434974863192,1.0,dep_'{''}'_3,candidate
0.338747540539,1.0,dep_'{''}'_3,candidate
0.434974863192,1.0,dep_'{''}'_3,candidate
0.338747540539,1.0,dep_'{''}'_3,candidate
0.446561102074,1.0,dep_'{''}'_3,candidate
0.434974863192,1.0,dep_'{''}'_3,candidate
0.434974863192,1.0,dep_'{''}'_3,candidate
0.469791929999,0.0,dep_'{''}'_3,baseline
0.318918653939,0.0,dep_'{''}'_3,baseline
0.477040749243,0.0,dep_'{''}'_3,baseline
0.431927827231,0.0,dep_'{''}'_3,baseline
0.425507103183,0.0,dep_'{''}'_3,baseline
0.39521295953,0.0,dep_'{''}'_3,baseline
0.44691472325,0.0,dep_'{''}'_3,baseline
0.475137058924,0.0,dep_'{''}'_3,baseline
0.465070703493,1.0,dep_'{''}'_3,baseline
0.324003030869,1.0,dep_'{''}'_3,baseline
0.455406315974,1.0,dep_'{''}'_3,baseline
0.417383118225,1.0,dep_'{''}'_3,baseline
0.395062506766,1.0,dep_'{''}'_3,baseline
0.387116915539,1.0,dep_'{''}'_3,baseline
0.412236541505,1.0,dep_'{''}'_3,baseline
0.462356854243,1.0,dep_'{''}'_3,baseline
0.487396157507,0.0,dep_'{''}'_2,original
0.445209883274,1.0,dep_'{''}'_2,original
0.423532766096,0.0,dep_'{''}'_2,candidate
0.480422347204,0.0,dep_'{''}'_2,candidate
0.423532766096,0.0,dep_'{''}'_2,candidate
0.423532766096,0.0,dep_'{''}'_2,candidate
0.423532766096,0.0,dep_'{''}'_2,candidate
0.398575023395,0.0,dep_'{''}'_2,candidate
0.480422347204,0.0,dep_'{''}'_2,candidate
0.480422347204,0.0,dep_'{''}'_2,candidate
0.38650988533,1.0,dep_'{''}'_2,candidate
0.447198512361,1.0,dep_'{''}'_2,candidate
0.38650988533,1.0,dep_'{''}'_2,candidate
0.38650988533,1.0,dep_'{''}'_2,candidate
0.38650988533,1.0,dep_'{''}'_2,candidate
0.389679183511,1.0,dep_'{''}'_2,candidate
0.447198512361,1.0,dep_'{''}'_2,candidate
0.447198512361,1.0,dep_'{''}'_2,candidate
0.419961569606,0.0,dep_'{''}'_2,baseline
0.485949177859,0.0,dep_'{''}'_2,baseline
0.471701596383,0.0,dep_'{''}'_2,baseline
0.476759023412,0.0,dep_'{''}'_2,baseline
0.419961569606,0.0,dep_'{''}'_2,baseline
0.472584068213,0.0,dep_'{''}'_2,baseline
0.484107906323,0.0,dep_'{''}'_2,baseline
0.485949177859,0.0,dep_'{''}'_2,baseline
0.399991707624,1.0,dep_'{''}'_2,baseline
0.447057411659,1.0,dep_'{''}'_2,baseline
0.432488534515,1.0,dep_'{''}'_2,baseline
0.436361988901,1.0,dep_'{''}'_2,baseline
0.399991707624,1.0,dep_'{''}'_2,baseline
0.43760914089,1.0,dep_'{''}'_2,baseline
0.436644510441,1.0,dep_'{''}'_2,baseline
0.447057411659,1.0,dep_'{''}'_2,baseline
0.452171595113,0.0,dep_'{''}'_1,original
0.439992154176,1.0,dep_'{''}'_1,original
0.443456429436,0.0,dep_'{''}'_1,candidate
0.396097268519,0.0,dep_'{''}'_1,candidate
0.396097268519,0.0,dep_'{''}'_1,candidate
0.396097268519,0.0,dep_'{''}'_1,candidate
0.37034907792,0.0,dep_'{''}'_1,candidate
0.37034907792,0.0,dep_'{''}'_1,candidate
0.396097268519,0.0,dep_'{''}'_1,candidate
0.396097268519,0.0,dep_'{''}'_1,candidate
0.429539556109,1.0,dep_'{''}'_1,candidate
0.406953033764,1.0,dep_'{''}'_1,candidate
0.406953033764,1.0,dep_'{''}'_1,candidate
0.406953033764,1.0,dep_'{''}'_1,candidate
0.365985073504,1.0,dep_'{''}'_1,candidate
0.365985073504,1.0,dep_'{''}'_1,candidate
0.406953033764,1.0,dep_'{''}'_1,candidate
0.406953033764,1.0,dep_'{''}'_1,candidate
0.425433921456,0.0,dep_'{''}'_1,baseline
0.374055154245,0.0,dep_'{''}'_1,baseline
0.325684962832,0.0,dep_'{''}'_1,baseline
0.375224627717,0.0,dep_'{''}'_1,baseline
0.445436671481,0.0,dep_'{''}'_1,baseline
0.338709977867,0.0,dep_'{''}'_1,baseline
0.425433921456,0.0,dep_'{''}'_1,baseline
0.451147436398,0.0,dep_'{''}'_1,baseline
0.397967944702,1.0,dep_'{''}'_1,baseline
0.356330116493,1.0,dep_'{''}'_1,baseline
0.348288916361,1.0,dep_'{''}'_1,baseline
0.382110247102,1.0,dep_'{''}'_1,baseline
0.43255055798,1.0,dep_'{''}'_1,baseline
0.342482301268,1.0,dep_'{''}'_1,baseline
0.397967944702,1.0,dep_'{''}'_1,baseline
0.441091636074,1.0,dep_'{''}'_1,baseline
0.478436964681,0.0,pos40_50,original
0.426853709376,1.0,pos40_50,original
0.442088030565,0.0,pos40_50,candidate
0.465757446067,0.0,pos40_50,candidate
0.442088030565,0.0,pos40_50,candidate
0.413989982429,0.0,pos40_50,candidate
0.465757446067,0.0,pos40_50,candidate
0.465757446067,0.0,pos40_50,candidate
0.442088030565,0.0,pos40_50,candidate
0.465757446067,0.0,pos40_50,candidate
0.3953425024,1.0,pos40_50,candidate
0.419887771242,1.0,pos40_50,candidate
0.3953425024,1.0,pos40_50,candidate
0.381861955951,1.0,pos40_50,candidate
0.419887771242,1.0,pos40_50,candidate
0.419887771242,1.0,pos40_50,candidate
0.3953425024,1.0,pos40_50,candidate
0.419887771242,1.0,pos40_50,candidate
0.391708417581,0.0,pos40_50,baseline
0.466085640923,0.0,pos40_50,baseline
0.359609406338,0.0,pos40_50,baseline
0.335823264944,0.0,pos40_50,baseline
0.336976616594,0.0,pos40_50,baseline
0.467419890104,0.0,pos40_50,baseline
0.382300657182,0.0,pos40_50,baseline
0.399206952952,0.0,pos40_50,baseline
0.361882687613,1.0,pos40_50,baseline
0.425249848597,1.0,pos40_50,baseline
0.323216824392,1.0,pos40_50,baseline
0.286551783889,1.0,pos40_50,baseline
0.290352746914,1.0,pos40_50,baseline
0.427925943044,1.0,pos40_50,baseline
0.329830723289,1.0,pos40_50,baseline
0.374871570211,1.0,pos40_50,baseline
0.468209256246,0.0,"enc_'""''""'",original
0.476989335156,1.0,"enc_'""''""'",original
0.468209256246,0.0,"enc_'""''""'",candidate
0.468209256246,0.0,"enc_'""''""'",candidate
0.468209256246,0.0,"enc_'""''""'",candidate
0.468209256246,0.0,"enc_'""''""'",candidate
0.468209256246,0.0,"enc_'""''""'",candidate
0.468209256246,0.0,"enc_'""''""'",candidate
0.468209256246,0.0,"enc_'""''""'",candidate
0.468209256246,0.0,"enc_'""''""'",candidate
0.476989335156,1.0,"enc_'""''""'",candidate
0.476989335156,1.0,"enc_'""''""'",candidate
0.476989335156,1.0,"enc_'""''""'",candidate
0.476989335156,1.0,"enc_'""''""'",candidate
0.476989335156,1.0,"enc_'""''""'",candidate
0.476989335156,1.0,"enc_'""''""'",candidate
0.476989335156,1.0,"enc_'""''""'",candidate
0.476989335156,1.0,"enc_'""''""'",candidate
0.468209256246,0.0,"enc_'""''""'",baseline
0.468209256246,0.0,"enc_'""''""'",baseline
0.468209256246,0.0,"enc_'""''""'",baseline
0.468209256246,0.0,"enc_'""''""'",baseline
0.468209256246,0.0,"enc_'""''""'",baseline
0.468209256246,0.0,"enc_'""''""'",baseline
0.468209256246,0.0,"enc_'""''""'",baseline
0.468209256246,0.0,"enc_'""''""'",baseline
0.476989335156,1.0,"enc_'""''""'",baseline
0.476989335156,1.0,"enc_'""''""'",baseline
0.476989335156,1.0,"enc_'""''""'",baseline
0.476989335156,1.0,"enc_'""''""'",baseline
0.476989335156,1.0,"enc_'""''""'",baseline
0.476989335156,1.0,"enc_'""''""'",baseline
0.476989335156,1.0,"enc_'""''""'",baseline
0.476989335156,1.0,"enc_'""''""'",baseline
0.468304603324,0.0,pos50_60,original
0.44192350676,1.0,pos50_60,original
0.432091668507,0.0,pos50_60,candidate
0.432091668507,0.0,pos50_60,candidate
0.454860976724,0.0,pos50_60,candidate
0.432091668507,0.0,pos50_60,candidate
0.432091668507,0.0,pos50_60,candidate
0.432091668507,0.0,pos50_60,candidate
0.412976650642,0.0,pos50_60,candidate
0.432091668507,0.0,pos50_60,candidate
0.398433303506,1.0,pos50_60,candidate
0.398433303506,1.0,pos50_60,candidate
0.433182989504,1.0,pos50_60,candidate
0.398433303506,1.0,pos50_60,candidate
0.398433303506,1.0,pos50_60,candidate
0.398433303506,1.0,pos50_60,candidate
0.372011957045,1.0,pos50_60,candidate
0.398433303506,1.0,pos50_60,candidate
0.425118478451,0.0,pos50_60,baseline
0.46620227945,0.0,pos50_60,baseline
0.46620227945,0.0,pos50_60,baseline
0.430819218346,0.0,pos50_60,baseline
0.464389512921,0.0,pos50_60,baseline
0.338647623221,0.0,pos50_60,baseline
0.463613741153,0.0,pos50_60,baseline
0.459248212944,0.0,pos50_60,baseline
0.392894324545,1.0,pos50_60,baseline
0.4454198327,1.0,pos50_60,baseline
0.4454198327,1.0,pos50_60,baseline
0.409762478559,1.0,pos50_60,baseline
0.432503254697,1.0,pos50_60,baseline
0.287654385167,1.0,pos50_60,baseline
0.433931700658,1.0,pos50_60,baseline
0.430864493888,1.0,pos50_60,baseline
0.46585154252,0.0,expr'\n',original
0.0231344997668,1.0,expr'\n',original
0.450876587971,0.0,expr'\n',candidate
0.408195112186,0.0,expr'\n',candidate
0.328686326431,0.0,expr'\n',candidate
0.408195112186,0.0,expr'\n',candidate
0.450876587971,0.0,expr'\n',candidate
0.328686326431,0.0,expr'\n',candidate
0.450876587971,0.0,expr'\n',candidate
0.450876587971,0.0,expr'\n',candidate
0.024339698291,1.0,expr'\n',candidate
0.0203997351705,1.0,expr'\n',candidate
0.0303109321363,1.0,expr'\n',candidate
0.0203997351705,1.0,expr'\n',candidate
0.024339698291,1.0,expr'\n',candidate
0.0303109321363,1.0,expr'\n',candidate
0.024339698291,1.0,expr'\n',candidate
0.024339698291,1.0,expr'\n',candidate
0.430512298638,0.0,expr'\n',baseline
0.430512298638,0.0,expr'\n',baseline
0.430512298638,0.0,expr'\n',baseline
0.454051717049,0.0,expr'\n',baseline
0.430512298638,0.0,expr'\n',baseline
0.430512298638,0.0,expr'\n',baseline
0.403932050972,0.0,expr'\n',baseline
0.454051717049,0.0,expr'\n',baseline
0.0274817320272,1.0,expr'\n',baseline
0.0274817320272,1.0,expr'\n',baseline
0.0274817320272,1.0,expr'\n',baseline
0.02165126758,1.0,expr'\n',baseline
0.0274817320272,1.0,expr'\n',baseline
0.0274817320272,1.0,expr'\n',baseline
0.0193388795904,1.0,expr'\n',baseline
0.02165126758,1.0,expr'\n',baseline
0.269818380094,0.0,is_alphanum,original
0.258354153361,1.0,is_alphanum,original
0.247691617815,0.0,is_alphanum,candidate
0.247691617815,0.0,is_alphanum,candidate
0.241199552851,0.0,is_alphanum,candidate
0.201066697914,0.0,is_alphanum,candidate
0.247691617815,0.0,is_alphanum,candidate
0.201066697914,0.0,is_alphanum,candidate
0.201066697914,0.0,is_alphanum,candidate
0.247691617815,0.0,is_alphanum,candidate
0.261803352887,1.0,is_alphanum,candidate
0.261803352887,1.0,is_alphanum,candidate
0.257681732298,1.0,is_alphanum,candidate
0.255833022308,1.0,is_alphanum,candidate
0.261803352887,1.0,is_alphanum,candidate
0.255833022308,1.0,is_alphanum,candidate
0.255833022308,1.0,is_alphanum,candidate
0.261803352887,1.0,is_alphanum,candidate
0.257493861826,0.0,is_alphanum,baseline
0.218920868346,0.0,is_alphanum,baseline
0.257493861826,0.0,is_alphanum,baseline
0.237394989818,0.0,is_alphanum,baseline
0.218920868346,0.0,is_alphanum,baseline
0.237394989818,0.0,is_alphanum,baseline
0.237394989818,0.0,is_alphanum,baseline
0.237394989818,0.0,is_alphanum,baseline
0.259777889998,1.0,is_alphanum,baseline
0.261438079583,1.0,is_alphanum,baseline
0.259777889998,1.0,is_alphanum,baseline
0.266812423867,1.0,is_alphanum,baseline
0.261438079583,1.0,is_alphanum,baseline
0.266812423867,1.0,is_alphanum,baseline
0.266812423867,1.0,is_alphanum,baseline
0.266812423867,1.0,is_alphanum,baseline
0.476092574401,0.0,expr'if\\s*\\(.*\\)',original
0.354472403247,1.0,expr'if\\s*\\(.*\\)',original
0.464016268364,0.0,expr'if\\s*\\(.*\\)',candidate
0.408066810881,0.0,expr'if\\s*\\(.*\\)',candidate
0.408066810881,0.0,expr'if\\s*\\(.*\\)',candidate
0.464016268364,0.0,expr'if\\s*\\(.*\\)',candidate
0.464016268364,0.0,expr'if\\s*\\(.*\\)',candidate
0.464016268364,0.0,expr'if\\s*\\(.*\\)',candidate
0.446010142331,0.0,expr'if\\s*\\(.*\\)',candidate
0.464016268364,0.0,expr'if\\s*\\(.*\\)',candidate
0.357148913938,1.0,expr'if\\s*\\(.*\\)',candidate
0.341318201012,1.0,expr'if\\s*\\(.*\\)',candidate
0.341318201012,1.0,expr'if\\s*\\(.*\\)',candidate
0.357148913938,1.0,expr'if\\s*\\(.*\\)',candidate
0.357148913938,1.0,expr'if\\s*\\(.*\\)',candidate
0.357148913938,1.0,expr'if\\s*\\(.*\\)',candidate
0.30968907404,1.0,expr'if\\s*\\(.*\\)',candidate
0.357148913938,1.0,expr'if\\s*\\(.*\\)',candidate
0.355834970797,0.0,expr'if\\s*\\(.*\\)',baseline
0.371232434552,0.0,expr'if\\s*\\(.*\\)',baseline
0.339325112123,0.0,expr'if\\s*\\(.*\\)',baseline
0.386648352576,0.0,expr'if\\s*\\(.*\\)',baseline
0.41503917351,0.0,expr'if\\s*\\(.*\\)',baseline
0.474662259675,0.0,expr'if\\s*\\(.*\\)',baseline
0.434628565956,0.0,expr'if\\s*\\(.*\\)',baseline
0.324361129828,0.0,expr'if\\s*\\(.*\\)',baseline
0.290129671359,1.0,expr'if\\s*\\(.*\\)',baseline
0.279414598278,1.0,expr'if\\s*\\(.*\\)',baseline
0.229068363025,1.0,expr'if\\s*\\(.*\\)',baseline
0.288942506321,1.0,expr'if\\s*\\(.*\\)',baseline
0.29689070645,1.0,expr'if\\s*\\(.*\\)',baseline
0.350323897645,1.0,expr'if\\s*\\(.*\\)',baseline
0.307659687768,1.0,expr'if\\s*\\(.*\\)',baseline
0.241992774222,1.0,expr'if\\s*\\(.*\\)',baseline
0.47572953095,0.0,indent8,original
0.355845188403,1.0,indent8,original
0.47572953095,0.0,indent8,candidate
0.47572953095,0.0,indent8,candidate
0.47572953095,0.0,indent8,candidate
0.47572953095,0.0,indent8,candidate
0.47572953095,0.0,indent8,candidate
0.47572953095,0.0,indent8,candidate
0.47572953095,0.0,indent8,candidate
0.47572953095,0.0,indent8,candidate
0.355845188403,1.0,indent8,candidate
0.355845188403,1.0,indent8,candidate
0.355845188403,1.0,indent8,candidate
0.355845188403,1.0,indent8,candidate
0.355845188403,1.0,indent8,candidate
0.355845188403,1.0,indent8,candidate
0.355845188403,1.0,indent8,candidate
0.355845188403,1.0,indent8,candidate
0.47572953095,0.0,indent8,baseline
0.47572953095,0.0,indent8,baseline
0.47572953095,0.0,indent8,baseline
0.47572953095,0.0,indent8,baseline
0.47572953095,0.0,indent8,baseline
0.47572953095,0.0,indent8,baseline
0.47572953095,0.0,indent8,baseline
0.47572953095,0.0,indent8,baseline
0.355845188403,1.0,indent8,baseline
0.355845188403,1.0,indent8,baseline
0.355845188403,1.0,indent8,baseline
0.355845188403,1.0,indent8,baseline
0.355845188403,1.0,indent8,baseline
0.355845188403,1.0,indent8,baseline
0.355845188403,1.0,indent8,baseline
0.355845188403,1.0,indent8,baseline
0.483716813291,0.0,pos20_30,original
0.418339432597,1.0,pos20_30,original
0.472359745484,0.0,pos20_30,candidate
0.433541971437,0.0,pos20_30,candidate
0.369680614538,0.0,pos20_30,candidate
0.369680614538,0.0,pos20_30,candidate
0.369680614538,0.0,pos20_30,candidate
0.472359745484,0.0,pos20_30,candidate
0.472359745484,0.0,pos20_30,candidate
0.369680614538,0.0,pos20_30,candidate
0.414965149695,1.0,pos20_30,candidate
0.366411220467,1.0,pos20_30,candidate
0.324399951974,1.0,pos20_30,candidate
0.324399951974,1.0,pos20_30,candidate
0.324399951974,1.0,pos20_30,candidate
0.414965149695,1.0,pos20_30,candidate
0.414965149695,1.0,pos20_30,candidate
0.324399951974,1.0,pos20_30,candidate
0.389599836344,0.0,pos20_30,baseline
0.480560883239,0.0,pos20_30,baseline
0.367171794134,0.0,pos20_30,baseline
0.408493937304,0.0,pos20_30,baseline
0.41770705725,0.0,pos20_30,baseline
0.462867498015,0.0,pos20_30,baseline
0.347226238976,0.0,pos20_30,baseline
0.480639192833,0.0,pos20_30,baseline
0.335375402024,1.0,pos20_30,baseline
0.419390190952,1.0,pos20_30,baseline
0.30114414,1.0,pos20_30,baseline
0.354549244236,1.0,pos20_30,baseline
0.36685177088,1.0,pos20_30,baseline
0.403309532145,1.0,pos20_30,baseline
0.28442307431,1.0,pos20_30,baseline
0.414191048809,1.0,pos20_30,baseline
0.467801869986,0.0,pos10_20,original
0.481043939511,1.0,pos10_20,original
0.429709161405,0.0,pos10_20,candidate
0.455531114033,0.0,pos10_20,candidate
0.406869714654,0.0,pos10_20,candidate
0.406869714654,0.0,pos10_20,candidate
0.406869714654,0.0,pos10_20,candidate
0.429709161405,0.0,pos10_20,candidate
0.455531114033,0.0,pos10_20,candidate
0.429709161405,0.0,pos10_20,candidate
0.445981621725,1.0,pos10_20,candidate
0.470026559976,1.0,pos10_20,candidate
0.407986225531,1.0,pos10_20,candidate
0.407986225531,1.0,pos10_20,candidate
0.407986225531,1.0,pos10_20,candidate
0.445981621725,1.0,pos10_20,candidate
0.470026559976,1.0,pos10_20,candidate
0.445981621725,1.0,pos10_20,candidate
0.389469515139,0.0,pos10_20,baseline
0.389469515139,0.0,pos10_20,baseline
0.419601072169,0.0,pos10_20,baseline
0.466728880907,0.0,pos10_20,baseline
0.412613900198,0.0,pos10_20,baseline
0.321800381826,0.0,pos10_20,baseline
0.449094901787,0.0,pos10_20,baseline
0.379889075583,0.0,pos10_20,baseline
0.43654450247,1.0,pos10_20,baseline
0.43654450247,1.0,pos10_20,baseline
0.445786017052,1.0,pos10_20,baseline
0.472509944766,1.0,pos10_20,baseline
0.412536828464,1.0,pos10_20,baseline
0.324476941324,1.0,pos10_20,baseline
0.45875278494,1.0,pos10_20,baseline
0.407281703466,1.0,pos10_20,baseline
0.47320439961,0.0,word_lim,original
0.236967024474,1.0,word_lim,original
0.346179565966,0.0,word_lim,candidate
0.346179565966,0.0,word_lim,candidate
0.415957315533,0.0,word_lim,candidate
0.468244267704,0.0,word_lim,candidate
0.468244267704,0.0,word_lim,candidate
0.346179565966,0.0,word_lim,candidate
0.346179565966,0.0,word_lim,candidate
0.346179565966,0.0,word_lim,candidate
0.179884949487,1.0,word_lim,candidate
0.179884949487,1.0,word_lim,candidate
0.202732956373,1.0,word_lim,candidate
0.236651585108,1.0,word_lim,candidate
0.236651585108,1.0,word_lim,candidate
0.179884949487,1.0,word_lim,candidate
0.179884949487,1.0,word_lim,candidate
0.179884949487,1.0,word_lim,candidate
0.430497275014,0.0,word_lim,baseline
0.422433629374,0.0,word_lim,baseline
0.422433629374,0.0,word_lim,baseline
0.422433629374,0.0,word_lim,baseline
0.463708183599,0.0,word_lim,baseline
0.463708183599,0.0,word_lim,baseline
0.422433629374,0.0,word_lim,baseline
0.430497275014,0.0,word_lim,baseline
0.248981051329,1.0,word_lim,baseline
0.236274911533,1.0,word_lim,baseline
0.236274911533,1.0,word_lim,baseline
0.236274911533,1.0,word_lim,baseline
0.240367257834,1.0,word_lim,baseline
0.240367257834,1.0,word_lim,baseline
0.236274911533,1.0,word_lim,baseline
0.248981051329,1.0,word_lim,baseline
0.468842075174,0.0,expr'e',original
0.0166203473343,1.0,expr'e',original
0.333490313754,0.0,expr'e',candidate
0.454917854274,0.0,expr'e',candidate
0.454917854274,0.0,expr'e',candidate
0.41372437478,0.0,expr'e',candidate
0.333490313754,0.0,expr'e',candidate
0.333490313754,0.0,expr'e',candidate
0.333490313754,0.0,expr'e',candidate
0.454917854274,0.0,expr'e',candidate
0.0196757296084,1.0,expr'e',candidate
0.0166101031835,1.0,expr'e',candidate
0.0166101031835,1.0,expr'e',candidate
0.0129024519906,1.0,expr'e',candidate
0.0196757296084,1.0,expr'e',candidate
0.0196757296084,1.0,expr'e',candidate
0.0196757296084,1.0,expr'e',candidate
0.0166101031835,1.0,expr'e',candidate
0.405049324214,0.0,expr'e',baseline
0.422221229552,0.0,expr'e',baseline
0.405049324214,0.0,expr'e',baseline
0.412243690979,0.0,expr'e',baseline
0.405049324214,0.0,expr'e',baseline
0.412243690979,0.0,expr'e',baseline
0.456645313352,0.0,expr'e',baseline
0.456645313352,0.0,expr'e',baseline
0.0190623456951,1.0,expr'e',baseline
0.0168789481353,1.0,expr'e',baseline
0.0190623456951,1.0,expr'e',baseline
0.0180434175468,1.0,expr'e',baseline
0.0190623456951,1.0,expr'e',baseline
0.0180434175468,1.0,expr'e',baseline
0.0176275016139,1.0,expr'e',baseline
0.0176275016139,1.0,expr'e',baseline
0.445652399476,0.0,pos0_10,original
0.510799466639,1.0,pos0_10,original
0.382320920713,0.0,pos0_10,candidate
0.410047803028,0.0,pos0_10,candidate
0.382320920713,0.0,pos0_10,candidate
0.382320920713,0.0,pos0_10,candidate
0.436632337548,0.0,pos0_10,candidate
0.436632337548,0.0,pos0_10,candidate
0.410047803028,0.0,pos0_10,candidate
0.436632337548,0.0,pos0_10,candidate
0.44734612716,1.0,pos0_10,candidate
0.501490178002,1.0,pos0_10,candidate
0.44734612716,1.0,pos0_10,candidate
0.44734612716,1.0,pos0_10,candidate
0.496084840238,1.0,pos0_10,candidate
0.496084840238,1.0,pos0_10,candidate
0.501490178002,1.0,pos0_10,candidate
0.496084840238,1.0,pos0_10,candidate
0.349526612929,0.0,pos0_10,baseline
0.433786116613,0.0,pos0_10,baseline
0.309027274597,0.0,pos0_10,baseline
0.433786116613,0.0,pos0_10,baseline
0.3522661068,0.0,pos0_10,baseline
0.446392639638,0.0,pos0_10,baseline
0.433786116613,0.0,pos0_10,baseline
0.349526612929,0.0,pos0_10,baseline
0.399269084916,1.0,pos0_10,baseline
0.503734478627,1.0,pos0_10,baseline
0.384878714729,1.0,pos0_10,baseline
0.503734478627,1.0,pos0_10,baseline
0.427801469415,1.0,pos0_10,baseline
0.504736411345,1.0,pos0_10,baseline
0.503734478627,1.0,pos0_10,baseline
0.399269084916,1.0,pos0_10,baseline
0.446958149729,0.0,expr'\\d',original
0.0754950544824,1.0,expr'\\d',original
0.442909705919,0.0,expr'\\d',candidate
0.442909705919,0.0,expr'\\d',candidate
0.409877897746,0.0,expr'\\d',candidate
0.409877897746,0.0,expr'\\d',candidate
0.356044147757,0.0,expr'\\d',candidate
0.442909705919,0.0,expr'\\d',candidate
0.409877897746,0.0,expr'\\d',candidate
0.356044147757,0.0,expr'\\d',candidate
0.079754899188,1.0,expr'\\d',candidate
0.079754899188,1.0,expr'\\d',candidate
0.0528586869976,1.0,expr'\\d',candidate
0.0528586869976,1.0,expr'\\d',candidate
0.0621140296969,1.0,expr'\\d',candidate
0.079754899188,1.0,expr'\\d',candidate
0.0528586869976,1.0,expr'\\d',candidate
0.0621140296969,1.0,expr'\\d',candidate
0.456782771473,0.0,expr'\\d',baseline
0.445932191688,0.0,expr'\\d',baseline
0.442078265116,0.0,expr'\\d',baseline
0.449818280712,0.0,expr'\\d',baseline
0.437727837268,0.0,expr'\\d',baseline
0.44073680643,0.0,expr'\\d',baseline
0.318651349491,0.0,expr'\\d',baseline
0.438442084539,0.0,expr'\\d',baseline
0.0746909730496,1.0,expr'\\d',baseline
0.0750709189982,1.0,expr'\\d',baseline
0.0672652155336,1.0,expr'\\d',baseline
0.0761675191569,1.0,expr'\\d',baseline
0.077836731535,1.0,expr'\\d',baseline
0.0654082379096,1.0,expr'\\d',baseline
0.0633167156326,1.0,expr'\\d',baseline
0.0752106202618,1.0,expr'\\d',baseline
0.472635913625,0.0,expr'for\\s*\\(.*\\)',original
0.399200420154,1.0,expr'for\\s*\\(.*\\)',original
0.472635913625,0.0,expr'for\\s*\\(.*\\)',candidate
0.472635913625,0.0,expr'for\\s*\\(.*\\)',candidate
0.472635913625,0.0,expr'for\\s*\\(.*\\)',candidate
0.472635913625,0.0,expr'for\\s*\\(.*\\)',candidate
0.472635913625,0.0,expr'for\\s*\\(.*\\)',candidate
0.472635913625,0.0,expr'for\\s*\\(.*\\)',candidate
0.472635913625,0.0,expr'for\\s*\\(.*\\)',candidate
0.472635913625,0.0,expr'for\\s*\\(.*\\)',candidate
0.399200420154,1.0,expr'for\\s*\\(.*\\)',candidate
0.399200420154,1.0,expr'for\\s*\\(.*\\)',candidate
0.399200420154,1.0,expr'for\\s*\\(.*\\)',candidate
0.399200420154,1.0,expr'for\\s*\\(.*\\)',candidate
0.399200420154,1.0,expr'for\\s*\\(.*\\)',candidate
0.399200420154,1.0,expr'for\\s*\\(.*\\)',candidate
0.399200420154,1.0,expr'for\\s*\\(.*\\)',candidate
0.399200420154,1.0,expr'for\\s*\\(.*\\)',candidate
0.472635913625,0.0,expr'for\\s*\\(.*\\)',baseline
0.472635913625,0.0,expr'for\\s*\\(.*\\)',baseline
0.472635913625,0.0,expr'for\\s*\\(.*\\)',baseline
0.472635913625,0.0,expr'for\\s*\\(.*\\)',baseline
0.472635913625,0.0,expr'for\\s*\\(.*\\)',baseline
0.472635913625,0.0,expr'for\\s*\\(.*\\)',baseline
0.472635913625,0.0,expr'for\\s*\\(.*\\)',baseline
0.472635913625,0.0,expr'for\\s*\\(.*\\)',baseline
0.399200420154,1.0,expr'for\\s*\\(.*\\)',baseline
0.399200420154,1.0,expr'for\\s*\\(.*\\)',baseline
0.399200420154,1.0,expr'for\\s*\\(.*\\)',baseline
0.399200420154,1.0,expr'for\\s*\\(.*\\)',baseline
0.399200420154,1.0,expr'for\\s*\\(.*\\)',baseline
0.399200420154,1.0,expr'for\\s*\\(.*\\)',baseline
0.399200420154,1.0,expr'for\\s*\\(.*\\)',baseline
0.399200420154,1.0,expr'for\\s*\\(.*\\)',baseline
